<?xml version="1.0" encoding="UTF-8"?>
<window>
	<defaultcontrol always="true">9000</defaultcontrol>
	<onload>SetProperty(infobackground,$ESCINFO[ListItem.Art(fanart)],home)</onload>
	<onunload>ClearProperty(infobackground,home)</onunload>
	<controls>
		<control type="group">
			<animation effect="fade" start="0" end="100" time="100">WindowOpen</animation>
			<animation effect="fade" start="100" end="0" time="100">WindowClose</animation>
			<animation effect="fade" start="100" end="75" time="0" condition="true">Conditional</animation>
			<visible>Window.isActive(fullscreenvideo)</visible>
			<include>ColoredBackgroundImages</include>
		</control>
		<control type="group">
			<centertop>50%</centertop>
			<height>1080</height>
			<centerleft>50%</centerleft>
			<width>1920</width>
			<control type="image">
				<include>OpenClose_Left</include>
				<left>70</left>
				<top>236</top>
				<width>461</width>
				<height>461</height>
				<aspectratio>keep</aspectratio>
				<texture fallback="DefaultTVShows.png">$INFO[ListItem.Icon]</texture>
			</control>
			<control type="group">
				<top>230</top>
				<left>50</left>
				<include>OpenClose_Right</include>
				<control type="button" id="61">
					<left>505</left>
					<top>-18</top>
					<width>750</width>
					<height>509</height>
					<font></font>
					<onleft>410</onleft>
					<onright>410</onright>
					<ondown>9000</ondown>
					<onup>9000</onup>
					<onclick>SetProperty(TextViewer_Header,$LOCALIZE[207],home)</onclick>
					<onclick>SetProperty(TextViewer_Text,$ESCINFO[ListItem.Plot],home)</onclick>
					<onclick>ActivateWindow(1102)</onclick>
				</control>
				<control type="textbox" id="400">
					<left>545</left>
					<top>7</top>
					<width>670</width>
					<height>441</height>
					<align>justify</align>
					<label>$INFO[ListItem.Plot]$INFO[ListItem.Cast,[CR][COLOR grey]$LOCALIZE[206]:[/COLOR][CR]]</label>
					<autoscroll time="3000" delay="4000" repeat="5000">Skin.HasSetting(AutoScroll)</autoscroll>
				</control>
				<control type="image">
					<description>Background for the non-plot metadata</description>
					<top>-18</top>
					<left>1259</left>
					<width>558</width>
					<height>509</height>
					<aligny>bottom</aligny>
					<texture border="21">dialogs/dialog-bg.png</texture>
					<visible>Integer.IsGreater(Container(410).NumItems,0)</visible>
				</control>
				<control type="grouplist" id="410">
					<description>Container for non-plot properties</description>
					<orientation>vertical</orientation>
					<left>1280</left>
					<width>527</width>
					<top>4</top>
					<height>454</height>
					<itemgap>-8</itemgap>
					<ondown>9000</ondown>
					<onup>9000</onup>
					<onright>61</onright>
					<onleft>61</onleft>
					<include content="InfoDialogMetadata">
						<param name="control_id" value="146" />
						<param name="width" value="518" />
						<param name="label" value="$INFO[ListItem.ChannelName,[B],[/B]]" />
						<param name="altlabel" value="$INFO[ListItem.ChannelName,[B],[/B]]" />
						<param name="visible" value="!String.IsEmpty(ListItem.ChannelName)" />
					</include>
					<include content="InfoDialogMetadata">
						<param name="control_id" value="147" />
						<param name="width" value="518" />
						<param name="label" value="$INFO[ListItem.Date,[COLOR button_focus]$LOCALIZE[552]:[/COLOR] ,]" />
						<param name="altlabel" value="$INFO[ListItem.Date,$LOCALIZE[552]: ,]" />
						<param name="visible" value="!String.IsEmpty(ListItem.Date)" />
					</include>
					<include content="InfoDialogMetadata">
						<param name="control_id" value="148" />
						<param name="width" value="518" />
						<param name="label" value="$VAR[PVRShortName,[COLOR button_focus]$LOCALIZE[31137]:[/COLOR] ]" />
						<param name="altlabel" value="$VAR[PVRShortName]" />
						<param name="visible" value="Integer.IsGreater(PVR.ClientCount,1)" />
					</include>
					<include content="InfoDialogMetadata">
						<param name="control_id" value="149" />
						<param name="width" value="518" />
						<param name="label" value="$INFO[ListItem.Genre,[COLOR button_focus]$LOCALIZE[515]:[/COLOR] ]" />
						<param name="altlabel" value="$INFO[ListItem.Genre,$LOCALIZE[515]: ]" />
						<param name="visible" value="!String.IsEmpty(ListItem.Genre)" />
					</include>
					<include content="InfoDialogMetadata">
						<param name="control_id" value="150" />
						<param name="width" value="518" />
						<param name="label" value="$INFO[ListItem.Writer,[COLOR button_focus]$LOCALIZE[20417]:[/COLOR] ]" />
						<param name="altlabel" value="$INFO[ListItem.Writer,$LOCALIZE[20417]: ]" />
						<param name="visible" value="!String.IsEmpty(ListItem.Writer)" />
					</include>
					<include content="InfoDialogMetadata">
						<param name="control_id" value="151" />
						<param name="width" value="518" />
						<param name="label" value="$INFO[ListItem.Director,[COLOR button_focus]$LOCALIZE[20339]:[/COLOR] ]"/>
						<param name="altlabel" value="$INFO[ListItem.Director,$LOCALIZE[20339]: ]" />
						<param name="visible" value="!String.IsEmpty(ListItem.Director)" />
					</include>
					<include content="InfoDialogMetadata">
						<param name="control_id" value="152" />
						<param name="width" value="518" />
						<param name="label" value="$INFO[ListItem.Rating,[COLOR button_focus]$LOCALIZE[563]:[/COLOR] ]" />
						<param name="altlabel" value="$INFO[ListItem.Rating,$LOCALIZE[563]: ]" />
						<param name="visible" value="!String.IsEmpty(ListItem.Rating)" />
					</include>
					<include content="InfoDialogMetadata">
						<param name="control_id" value="153" />
						<param name="width" value="518" />
						<param name="label" value="$INFO[ListItem.ExpirationDate,[COLOR button_focus]$LOCALIZE[19299]:[/COLOR] ] $INFO[ListItem.ExpirationTime]" />
						<param name="visible" value="!String.IsEmpty(ListItem.ExpirationDate)" />
					</include>
					<include content="InfoDialogMetadata">
						<param name="control_id" value="154" />
						<param name="width" value="518" />
						<param name="label" value="$INFO[ListItem.Premiered,[COLOR button_focus]$LOCALIZE[20416]:[/COLOR] ]"/>
						<param name="altlabel" value="$INFO[ListItem.Premiered,$LOCALIZE[20339]: ]" />
						<param name="visible" value="!String.IsEmpty(ListItem.Premiered)" />
					</include>
					<include content="InfoDialogMetadata">
						<param name="control_id" value="155" />
						<param name="label" value="[COLOR button_focus]$LOCALIZE[576]: [/COLOR]$INFO[ListItem.PlayCount]" />
						<param name="altlabel" value="$LOCALIZE[576]: $INFO[ListItem.PlayCount]" />
						<param name="visible" value="!String.IsEmpty(ListItem.PlayCount)" />
					</include>
				</control>
				<control type="grouplist" id="8090">
					<description>Container for the row of info boxes at the bottom of the screen</description>
					<left>300</left>
					<top>780</top>
					<width>1550</width>
					<height>69</height>
					<itemgap>10</itemgap>
					<align>right</align>
					<orientation>horizontal</orientation>
					<control type="group">
						<description>Recording size box at the bottom</description>
						<width>115</width>
						<visible>!String.IsEmpty(ListItem.Size) + !String.IsEqual(ListItem.Size,0.00 B)</visible>
						<control type="label">
							<width>115</width>
							<height>60</height>
							<align>center</align>
							<aligny>center</aligny>
							<label>$INFO[ListItem.Size]</label>
							<font>font_flag</font>
						</control>
						<include content="MediaFlag">
							<param name="texture" value="flags/flag.png" />
						</include>
					</control>
					<control type="group">
						<description>Duration box at the bottom</description>
						<width>115</width>
						<control type="label">
							<width>115</width>
							<height>60</height>
							<align>center</align>
							<aligny>center</aligny>
							<label>$INFO[ListItem.Duration(hh:mm)]</label>
							<font>font_flag</font>
						</control>
						<include content="MediaFlag">
							<param name="texture" value="flags/flag.png" />
						</include>
					</control>
					<include content="PVRParentalRating"></include>
				</control>
				<control type="grouplist" id="9000">
					<left>20</left>
					<top>600</top>
					<width>1777</width>
					<height>160</height>
					<itemgap>10</itemgap>
					<align>center</align>
					<orientation>horizontal</orientation>
					<defaultcontrol always="true">5</defaultcontrol>
					<onleft>9000</onleft>
					<onright>9000</onright>
					<onup>61</onup>
					<ondown>61</ondown>
					<include content="InfoDialogButton">
						<param name="width" value="275" />
						<param name="id" value="5" />
						<param name="icon" value="icons/infodialogs/launch.png" />
						<param name="label" value="$LOCALIZE[19165]" />
						<param name="visible" value="Window.IsActive(PVRGuideInfo)" />
					</include>
					<include content="InfoDialogButton">
						<param name="width" value="275" />
						<param name="id" value="10" />
						<param name="icon" value="icons/infodialogs/cinema.png" />
						<param name="label" value="$LOCALIZE[19190]" />
						<param name="visible" value="Window.IsActive(PVRGuideInfo)" />
					</include>
					<include content="InfoDialogButton">
						<param name="width" value="275" />
						<param name="id" value="8" />
						<param name="icon" value="icons/infodialogs/play_record.png" />
						<param name="label" value="$LOCALIZE[19687]" />
						<param name="visible" value="Window.IsActive(PVRGuideInfo) | Window.IsActive(PVRRecordingInfo)" />
					</include>
					<include content="InfoDialogButton">
						<param name="width" value="275" />
						<param name="id" value="6" />
						<param name="icon" value="icons/infodialogs/record.png" />
						<param name="visible" value="Window.IsActive(PVRGuideInfo)" />
					</include>
					<include content="InfoDialogButton">
						<param name="width" value="275" />
						<param name="id" value="9" />
						<param name="icon" value="icons/infodialogs/timer.png" />
						<param name="label" value="$LOCALIZE[19061]" />
						<param name="visible" value="Window.IsActive(PVRGuideInfo)" />
					</include>
					<include content="InfoDialogButton">
						<param name="width" value="275" />
						<param name="id" value="11" />
						<param name="icon" value="icons/infodialogs/bell.png" />
						<param name="label" value="$LOCALIZE[826]" />
						<param name="visible" value="Window.IsActive(PVRGuideInfo)" />
					</include>
					<include content="InfoDialogButton">
						<param name="width" value="275" />
						<param name="id" value="4" />
						<param name="icon" value="icons/infodialogs/similar.png" />
						<param name="label" value="$LOCALIZE[19003]" />
						<param name="visible" value="Window.IsActive(PVRGuideInfo) | Window.IsActive(PVRRecordingInfo)" />
					</include>
				</control>
			</control>
			<include content="InfoDialogTopBarInfo">
				<param name="main_label" value="$INFO[ListItem.Title] $INFO[ListItem.Year,([COLOR grey],[/COLOR])]" />
				<param name="sub_label" value="$VAR[FlagDashLabel]$VAR[SeasonEpisodeLabel,[COLOR grey],[/COLOR]]$INFO[ListItem.EpisodeName]" />
				<param name="posy" value="40" />
			</include>
		</control>
		<include condition="Skin.HasSetting(touchmode)">TouchBackButton</include>
	</controls>
</window>
